{
  "mechanism":"ajax",
  "template":"modern",
  "thread_interval":"",
  "site_interval":"",
  "attachmentsFormats":[
     "jpg",
     "jpeg",
     "gif",
     "png",
     "ico",
     "webp",
     "ac3",
     "m3a",
     "m4a",
     "mp3",
     "ogg",
     "m4v",
     "mkv",
     "mov",
     "mp4",
     "mpeg",
     "mpg",
     "mpv",
     "ogm",
     "doc",
     "docx",
     "odt",
     "pages",
     "pdf",
     "psd",
     "txt"
  ],
  "attachmentsRetention":"365",
  "attachmentsEnable":"1",
  "attachmentsHide":"0",
  "attachmentsRandomName":"1",
  "attachmentsMaxSize":"2000",
  "attachmentsMaxNumber":0,
  "miniChatsEnable":"0",
  "searchAllUsers":"1",
  "disableSubject":"1",
  "disableEnterForTouch":"1",
  "autoFullScreen":"1",
  "mobilePopup":"1",
  "mobileFullScreen":"1",
  "chatPage":"0",
  "messagesStatus":"0",
  "allowDeleteMessages":"1",
  "fastStart":"1",
  "miniThreadsEnable":"0",
  "miniFriendsEnable":"1",
  "friendsMode":"0",
  "singleThreadMode":"1",
  "disableGroupThreads":"0",
  "replaceStandardEmail":"1",
  "oEmbedEnable":"1",
  "disableEnterForDesktop":"0",
  "rateLimitReply":{
     "editor":{
        "value":"0",
        "type":"hour"
     },
     "author":{
        "value":"0",
        "type":"hour"
     },
     "contributor":{
        "value":"0",
        "type":"hour"
     },
     "subscriber":{
        "value":"0",
        "type":"hour"
     },
     "demo-user":{
        "value":"0",
        "type":"hour"
     },
     "customer":{
        "value":"0",
        "type":"hour"
     },
     "shop_manager":{
        "value":"0",
        "type":"hour"
     },
     "lp_teacher":{
        "value":"0",
        "type":"hour"
     }
  },
  "rateLimitReplyMessage":"Your limit for replies is exceeded",
  "restrictNewThreads":[
     
  ],
  "restrictNewThreadsMessage":"You are not allowed to start new threads",
  "restrictBadWordsList":"Your message contains a word from blacklist",
  "restrictNewThreadsRemoveNewThreadButton":"0",
  "restrictNewReplies":[
     
  ],
  "restrictNewRepliesMessage":"You are not allowed to reply",
  "restrictCalls":[
     
  ],
  "restrictCallsMessage":"You are not allowed to make a call",
  "restrictViewMessages":[
     
  ],
  "restrictViewMessagesMessage":"Message hidden",
  "restrictViewMiniThreads":[
     
  ],
  "restrictViewMiniFriends":[
     
  ],
  "restrictViewMiniGroups":[
     
  ],
  "restrictMobilePopup":[
     
  ],
  "videoCalls":"0",
  "audioCalls":"0",
  "userListButton":"1",
  "UMuserListButton":"0",
  "combinedView":"1",
  "enablePushNotifications":"0",
  "colorGeneral":"#21759b",
  "encryptionEnabled":"0",
  "stipopApiKey":"",
  "stipopLanguage":"en",
  "allowMuteThreads":"1",
  "callsRevertIcons":"0",
  "callRequestTimeLimit":30,
  "offlineCallsNotifications":"0",
  "callsLimitFriends":"0",
  "stopBPNotifications":"0",
  "restrictThreadsDeleting":"0",
  "disableFavoriteMessages":"0",
  "disableSearch":"0",
  "disableUserSettings":"0",
  "disableNewThread":"0",
  "profileVideoCall":"0",
  "profileAudioCall":"0",
  "miniChatAudioCall":"0",
  "miniChatVideoCall":"0",
  "disableUsersSearch":"0",
  "fixedHeaderHeight":0,
  "mobilePopupLocationBottom":16,
  "rateLimitNewThread":0,
  "notificationsInterval":15,
  "disableOnSiteNotification":"0",
  "allowSoundDisable":"0",
  "enableGroups":"1",
  "enableMiniGroups":"1",
  "allowGroupLeave":"1",
  "giphyApiKey":"",
  "giphyContentRating":"g",
  "giphyLanguage":"en",
  "enableReplies":"1",
  "messagesMinHeight":450,
  "messagesHeight":650,
  "sideThreadsWidth":320,
  "notificationSound":100,
  "sentSound":50,
  "callSound":100,
  "dialingSound":50,
  "modernLayout":"right",
  "allowEditMessages":"1",
  "enableNiceLinks":"1",
  "userStatuses":"0",
  "myProfileButton":"1",
  "titleNotifications":"1",
  "enableMiniCloseButton":"1",
  "bpProfileSlug":"bp-messages",
  "bpGroupSlug":"bp-messages",
  "mobilePopupLocation":"left",
  "badWordsList":"",
  "groupCallsGroups":"0",
  "groupCallsThreads":"0",
  "groupCallsChats":"0",
  "groupAudioCallsGroups":"0",
  "groupAudioCallsThreads":"0",
  "groupAudioCallsChats":"0",
  "allowUsersRestictNewThreads":"0",
  "enableGroupsEmails":"1",
  "desktopFullScreen":"1",
  "restrictRoleBlock":[
     
  ],
  "friendsOnSiteNotifications":"0",
  "groupsOnSiteNotifications":"0",
  "enableUsersSuggestions":"0",
  "hidePossibleBreakingElements":"0",
  "myCredNewMessageCharge":{
     "editor":{
        "value":"0"
     },
     "author":{
        "value":"0"
     },
     "contributor":{
        "value":"0"
     },
     "subscriber":{
        "value":"0"
     },
     "demo-user":{
        "value":"0"
     },
     "customer":{
        "value":"0"
     },
     "shop_manager":{
        "value":"0"
     },
     "lp_teacher":{
        "value":"0"
     }
  },
  "myCredNewMessageChargeMessage":"Not enough points to send a new message.",
  "myCredNewThreadCharge":{
     "editor":{
        "value":"0"
     },
     "author":{
        "value":"0"
     },
     "contributor":{
        "value":"0"
     },
     "subscriber":{
        "value":"0"
     },
     "demo-user":{
        "value":"0"
     },
     "customer":{
        "value":"0"
     },
     "shop_manager":{
        "value":"0"
     },
     "lp_teacher":{
        "value":"0"
     }
  },
  "myCredNewThreadChargeMessage":"Not enough points to start a new conversation.",
  "createEmailTemplate":"1",
  "notificationsOfflineDelay":15,
  "bbPressAuthorDetailsLink":"1",
  "enableGroupsFiles":"1",
  "combinedFriendsEnable":"1",
  "mobileFriendsEnable":"1",
  "combinedGroupsEnable":"1",
  "mobileGroupsEnable":"1",
  "umProfilePMButton":"1",
  "umOnlyFriendsMode":"0",
  "umOnlyFollowersMode":"0",
  "allowUsersBlock":"1",
  "restrictBlockUsers":[
     
  ],
  "restrictBlockUsersImmun":[
     
  ],
  "messagesViewer":"1",
  "offlineCallsAllowed":"0",
  "enableReactions":"1",
  "peepsoHeader":"1",
  "peepsoProfileVideoCall":"0",
  "peepsoProfileAudioCall":"0",
  "UMminiFriendsEnable":"0",
  "UMcombinedFriendsEnable":"0",
  "UMmobileFriendsEnable":"0",
  "PSonlyFriendsMode":"0",
  "PSminiFriendsEnable":"0",
  "PScombinedFriendsEnable":"0",
  "PSmobileFriendsEnable":"0",
  "PSenableGroups":"0",
  "PSenableGroupsFiles":"0",
  "PSenableGroupsEmails":"0",
  "PSminiGroupsEnable":"0",
  "PScombinedGroupsEnable":"0",
  "PSmobileGroupsEnable":"0",
  "UMenableGroups":"0",
  "UMenableGroupsFiles":"0",
  "UMenableGroupsEmails":"0",
  "UMminiGroupsEnable":"0",
  "UMcombinedGroupsEnable":"0",
  "UMmobileGroupsEnable":"0",
  "privateThreadInvite":"1",
  "reactionsEmojies":{
     "1f914":"Thinking",
     "2b50":"Star",
     "1f632":"WOW",
     "1f60d":"Love",
     "1f44c":"Okay",
     "1f44d":"Thumbs up"
  },
  "bpForceMiniChat":"0",
  "umForceMiniChat":"0",
  "psForceMiniChat":"0",
  "emojiSet":"apple",
  "attachmentsAllowPhoto":"0",
  "onsitePosition":"right",
  "messagesPerPage":"20",
  "disableTapToOpen":"0",
  "disableDeleteThreadCheck":"0",
  "redirectToExistingThread":"1",
  "blockScroll":"1",
  "miniWindowsOffset":70,
  "miniWindowsHeight":426,
  "miniWindowsWidth":320,
  "miniChatsHeight":426,
  "miniChatsWidth":300,
  "modernBorderRadius":2,
  "compatibilityMode":"1",
  "smartCache":"0",
  "replaceBuddyBossHeader":"0",
  "emojiSettings":"",
  "updateTime":1670928741
}